<?xml version="1.0" encoding="utf-8"?>
<!DOCTYPE article PUBLIC "-//NLM//DTD JATS (Z39.96) Journal Archiving
and Interchange DTD v1.2 20190208//EN" "JATS-archivearticle1.dtd">
<article xmlns:mml="http://www.w3.org/1998/Math/MathML" xmlns:xlink="http://www.w3.org/1999/xlink" dtd-version="1.2" article-type="other">
  <front>
    <journal-meta>
      <journal-id/>
      <journal-title-group>
        <journal-title>Citation title</journal-title>
      </journal-title-group>
      <issn/>
      <publisher>
        <publisher-name/>
      </publisher>
    </journal-meta>
    <article-meta>
      <title-group>
        <article-title>matrix-cea-tutorial</article-title>
      </title-group>
      <contrib-group>
        <contrib contrib-type="author" corresp="yes">
          <name>
            <surname>Jones</surname>
            <given-names>Norah</given-names>
          </name>
          <string-name>Norah Jones</string-name>
          <role vocab="https://credit.niso.org" vocab-term="writing – original draft" vocab-term-identifier="https://credit.niso.org/contributor-roles/writing-original-draft/">writing</role>
          <xref ref-type="aff" rid="aff-1">a</xref>
          <xref ref-type="corresp" rid="cor-1">*</xref>
        </contrib>
      </contrib-group>
      <aff id="aff-1">
        <institution-wrap>
          <institution>The University</institution>
        </institution-wrap>
      </aff>
      <author-notes>
        <corresp id="cor-1"/>
      </author-notes>
      <pub-date date-type="pub" publication-format="electronic" iso-8601-date="2024-07-11">
        <year>2024</year>
        <month>7</month>
        <day>11</day>
      </pub-date>
      <history/>
      <abstract>
        <p>Abstract goes here.</p>
      </abstract>
      <kwd-group kwd-group-type="author">
        <kwd>Cost-Effectiveness Analysis</kwd>
        <kwd>Microsimulation</kwd>
        <kwd>Discrete Event Simulation</kwd>
        <kwd>Markov Cohort Models</kwd>
      </kwd-group>
    </article-meta>
  </front>
  <body>
    <sec id="section">
      <title>1 Section</title>
      <p>This is a simple placeholder for the manuscript’s main document
  (<xref alt="knuth84?" rid="ref-knuth84" ref-type="bibr"><bold>knuth84?</bold></xref>).</p>
      <preformat>[1] 2</preformat>
    </sec>
  </body>
  <back>
</back>
  <sub-article article-type="notebook" id="nb-2-nb-article">
    <front-stub>
      <title-group>
        <article-title>matrix-cea-tutorial</article-title>
      </title-group>
      <contrib-group>
        <contrib contrib-type="author" corresp="yes">
          <name>
            <surname>Jones</surname>
            <given-names>Norah</given-names>
          </name>
          <string-name>Norah Jones</string-name>
          <role vocab="https://credit.niso.org" vocab-term="writing – original draft" vocab-term-identifier="https://credit.niso.org/contributor-roles/writing-original-draft/">writing</role>
          <xref ref-type="aff" rid="aff-1-nb-article">a</xref>
          <xref ref-type="corresp" rid="cor-1-nb-article">*</xref>
        </contrib>
      </contrib-group>
      <aff id="aff-1-nb-article">
        <institution-wrap>
          <institution>The University</institution>
        </institution-wrap>
      </aff>
      <author-notes>
        <corresp id="cor-1-nb-article"/>
      </author-notes>
      <abstract>
        <p>Abstract goes here.</p>
      </abstract>
    </front-stub>
    <body>
      <sec id="section-nb-article">
        <title>1 Section</title>
        <p>This is a simple placeholder for the manuscript’s main document
  (<xref alt="knuth84?" rid="ref-knuth84-nb-article" ref-type="bibr"><bold>knuth84?</bold></xref>).</p>
        <sec id="nb-code-cell-1-nb-article" specific-use="notebook-code">
          <code language="r script">1 + 1</code>
          <sec id="nb-code-cell-1-output-0-nb-article" specific-use="notebook-output">
            <preformat>[1] 2</preformat>
          </sec>
        </sec>
      </sec>
    </body>
    <back>
</back>
  </sub-article>
</article>
